ego_x,ego_y,ego_heading,lead_x,lead_y,lead_heading
44.848411861098576,-5.433714180446807,1.5630067135053856,44.90664398502989,3.6174784875963217,1.5942451838549994
