sample_ind,rho,sim_steps
191,2.7039168286895325,1103
192,3.743023474129071,1091
193,3.2759549561870323,1092
194,3.3869678746210674,1105
195,4.08031503835447,1105
