sample_ind,rho,sim_steps
196,3.78530757796352,703
197,-0.03196592504298579,550
