sample_ind,rho,sim_steps
80,2.215727891969756,697
81,4.407704211372282,703
82,2.2153949984910497,697
83,4.407704211372282,703
84,4.407704211372282,703
