sample_ind,rho,sim_steps
75,3.6965916827298866,1092
76,4.385772337411149,1100
77,4.075667095374401,1089
78,2.02607109704293,1089
79,3.3788363124274507,1097
