sample_ind,rho,sim_steps
45,4.37040303607859,1105
46,4.231144067575725,1094
47,3.738004999328858,1121
48,2.729443711357516,1100
49,3.3610816320127093,1112
