sample_ind,rho,sim_steps
50,3.1189616865408922,919
51,3.643985511751765,922
52,3.7133541972258755,919
53,3.0906211029935626,923
54,3.74093963245433,918
