sample_ind,rho,sim_steps
55,3.4677739085829984,703
56,3.4276540966628843,696
57,4.691719379330102,702
58,3.4276540966628843,696
59,-0.09793538027532911,577
