sample_ind,rho,sim_steps
151,2.9575251816008663,2002
152,2.654607493717018,1746
153,-0.10852753279104999,1502
