sample_ind,rho,sim_steps
141,1.304180104422679,1089
142,2.2383542061740656,1091
143,3.7734501737309465,1094
144,3.7980564893873083,1095
145,1.6763415633867007,1100
