sample_ind,rho,sim_steps
146,3.607401922256498,938
147,3.552543168532665,943
148,3.4502888963208846,941
149,2.2442092300935244,918
150,-0.06931261506768926,476
