sample_ind,rho,sim_steps
139,4.025420773993872,1769
140,-0.05333711892354742,1634
