ego_x,ego_y,ego_heading,lead_x,lead_y,lead_heading
44.8105974215621,-5.446655563013846,1.560601440751828,44.89144867602159,3.958354189324928,1.597086773495133
