sample_ind,rho,sim_steps
127,2.975854266688428,947
128,3.451140135557324,919
129,3.432475518027365,920
130,3.796044613466634,936
131,3.5274802131720566,918
