ego_x,ego_y,ego_heading,lead_x,lead_y,lead_heading
44.89694283225496,-6.03017013427344,1.5720648115612974,44.87254868298342,4.603103333665102,1.6011440770255485
