sample_ind,rho,sim_steps
132,3.294092464652106,694
133,3.3537591490611973,669
134,4.2316190345117,662
135,4.189111110989369,663
136,4.319728152621337,676
