sample_ind,rho,sim_steps
137,4.3417480989965185,697
138,-0.09047499674655057,532
