sample_ind,rho,sim_steps
122,3.2045813795008105,1090
123,3.5879207818542938,1110
124,4.043337826520023,1112
125,3.6507568475956926,1105
126,4.468684761324157,1097
