sample_ind,rho,sim_steps
27,4.094351290686234,1095
28,3.3526495040723674,1108
29,2.6038799788224125,1092
30,2.9694031277456876,1095
31,2.184085661408374,1100
