sample_ind,rho,sim_steps
32,2.3661397934017145,697
33,4.381292401635635,703
34,3.3074191593898323,702
35,4.381292401635635,703
36,2.3656899362392654,697
