sample_ind,rho,sim_steps
92,2.8917666115242415,702
93,2.9179274627668814,702
94,2.2521296496008087,701
95,-0.00968362924967181,572
