sample_ind,rho,sim_steps
87,1.903061779963366,1103
88,2.7397599582346874,1094
89,2.135903954330127,1092
90,4.7042459227015865,1120
91,1.5809245773706024,1101
