sample_ind,rho,sim_steps
199,3.4093044921939537,1093
200,3.4606391038174014,1112
201,4.29217753550561,1121
202,4.15683824579636,1102
203,2.4413469029408272,1107
