sample_ind,rho,sim_steps
209,2.665480497459553,659
210,3.194182806646909,677
211,-0.08376932096407952,423
