sample_ind,rho,sim_steps
204,3.0001833467367316,696
205,3.0419913582441875,697
206,3.9553108430789674,697
207,3.0686927805438557,696
208,3.9362740706049077,697
