sample_ind,rho,sim_steps
164,3.573650468912154,697
165,4.507118218324404,700
166,3.40771610084696,697
167,4.506092550049344,700
168,4.880212862293746,700
