sample_ind,rho,sim_steps
169,4.345446091631262,676
170,4.70418557539994,676
171,4.3227664697684105,676
172,-0.01275787425680619,595
