sample_ind,rho,sim_steps
154,4.471058635808921,1114
155,4.654882538915945,1111
156,3.8709541276118244,1101
157,2.767014428945937,1099
158,4.448705783163678,1108
