sample_ind,rho,sim_steps
159,3.84514299325736,923
160,4.138911524187783,927
161,3.2014859080476086,922
162,3.7067119610731503,921
163,3.7067119610731503,921
