sample_ind,rho,sim_steps
1,3.581782957046075,1110
2,3.936892461402543,1109
